name,fact
Great Pyramid of Giza,The only surviving wonder of the original Seven Wonders of the Ancient World.
Great Pyramid of Giza,It was the tallest man-made structure on Earth for over 3800 years.
Great Pyramid of Giza,Built as a tomb for the Pharaoh Khufu during the Fourth Dynasty.
Great Pyramid of Giza,Estimated to be made of around 2.3 million limestone and granite blocks.
Great Wall of China,Stretches over 21000 kilometers across northern China.
Great Wall of China,Construction spanned multiple dynasties over more than 2000 years.
Great Wall of China,It is not actually visible from the Moon with the naked eye, despite the popular myth.
Great Wall of China,Rice flour was mixed into the mortar to help bind the bricks together.
Petra,Carved directly into rose-colored sandstone cliffs by the Nabataeans.
Petra,Known as the Rose City due to the color of the stone used to carve it.
Petra,Featured an advanced water channel and dam system to survive the desert climate.
Petra,Rediscovered by Western explorers in 1812 after centuries of obscurity.
Colosseum,Could hold an estimated 50000 to 80000 spectators for games and events.
Colosseum,Had a retractable awning system called the velarium to shade spectators.
Colosseum,Featured a complex network of underground tunnels called the hypogeum.
Colosseum,Was partially damaged over centuries by earthquakes and stone robbers.
Chichen Itza,The El Castillo pyramid aligns with the sun to cast a serpent shadow at equinox.
Chichen Itza,Home to one of the largest ball courts in ancient Mesoamerica.
Chichen Itza,Clapping at the base of El Castillo produces an echo resembling a quetzal bird call.
Chichen Itza,Was a major political and economic center of the Maya civilization.
Machu Picchu,Built by the Inca without the use of mortar or wheels.
Machu Picchu,Sits at an elevation of roughly 2430 meters above sea level.
Machu Picchu,Was abandoned and largely forgotten before being brought to international attention in 1911.
Machu Picchu,Includes over 100 separate flights of stone steps.
Taj Mahal,Built by Emperor Shah Jahan as a mausoleum for his wife Mumtaz Mahal.
Taj Mahal,Took approximately 22 years and over 20000 workers to complete.
Taj Mahal,The main dome appears to change color depending on the time of day and light.
Taj Mahal,Constructed primarily of white marble inlaid with semi-precious stones.
Christ the Redeemer,Struck by lightning multiple times due to its elevated hilltop position.
Christ the Redeemer,Stands atop Corcovado mountain overlooking Rio de Janeiro.
Christ the Redeemer,The statue's arms span roughly 28 meters wide.
Christ the Redeemer,Took around nine years to construct, completed in 1931.
Angkor Wat,The largest religious monument in the world by land area.
Angkor Wat,Originally built as a Hindu temple before transitioning to Buddhist use.
Angkor Wat,Depicted on the national flag of Cambodia.
Angkor Wat,Surrounded by a moat over 5 kilometers in perimeter.
Stonehenge,Some of its bluestones were transported over 200 kilometers from Wales.
Stonehenge,Aligned with the sunrise on the summer solstice and sunset on the winter solstice.
Stonehenge,Construction is believed to have occurred in several stages over 1500 years.
Stonehenge,The exact purpose of the monument remains debated among archaeologists.
Hagia Sophia,Served as a cathedral, then a mosque, then a museum, and now a mosque again.
Hagia Sophia,Its massive dome was an engineering marvel for its era.
Hagia Sophia,Commissioned by the Byzantine Emperor Justinian I.
Hagia Sophia,Contains a mix of Christian mosaics and Islamic calligraphy panels.
Easter Island Moai,Nearly 900 monolithic statues were carved from volcanic rock.
Easter Island Moai,Some statues weigh more than 80 tons.
Easter Island Moai,Most face inland, away from the sea, watching over villages.
Easter Island Moai,Believed to represent deified ancestors of the Rapa Nui people.
